URL,Changefreq,Priority
https://heymanifestation.com/,daily,1.0
https://heymanifestation.com/369-manifestation-method-digital-handwritten-guide,weekly,0.9
https://heymanifestation.com/Manifest-Writing-Methods,weekly,0.9
https://heymanifestation.com/Manifestation-Methods-for-Love-The-Complete-Guide-for-2025-and-Beyond,weekly,0.9
https://heymanifestation.com/aboutus,weekly,0.9
https://heymanifestation.com/best-manifestation-books,weekly,0.9
https://heymanifestation.com/biblical-manifestation-for-Christian,weekly,0.9
https://heymanifestation.com/biblical-manifestation-guide,weekly,0.9
https://heymanifestation.com/de,weekly,0.9
https://heymanifestation.com/es/Manifest-Writing-Methods,weekly,0.9
https://heymanifestation.com/es,weekly,0.9
https://heymanifestation.com/fr/Manifest-Writing-Methods,weekly,0.9
https://heymanifestation.com/fr,weekly,0.9
https://heymanifestation.com/how-to-manifest-financial-prosperity,weekly,0.9
https://heymanifestation.com/,weekly,0.9
https://heymanifestation.com/manifestation-methods-for-love,weekly,0.9
https://heymanifestation.com/manifestation-techniques-explained,weekly,0.9
https://heymanifestation.com/manifestion-guide,weekly,0.9
https://heymanifestation.com/manifestion-tools,weekly,0.9
https://heymanifestation.com/physical-manifestations-mind-body-healing,weekly,0.9
https://heymanifestation.com/understanding-angel-numbers-manifestation,weekly,0.9
https://heymanifestation.com/using-crystals-candles-journals-manifestation,weekly,0.9
https://heymanifestation.com/zh/Manifest-Writing-Methods,weekly,0.9
https://heymanifestation.com/zh,weekly,0.9